latitude,longitude,timestamp,speed,geometry
28.56638675658878,77.2567732803054,2024-09-12 14:17:56.410403,49.183242191793525,POINT (77.2567732803054 28.56638675658878)
28.79813817415254,77.03668539304431,2024-09-12 14:17:56.425740,55.202152150807095,POINT (77.03668539304431 28.79813817415254)
28.6165036680761,77.01693292535661,2024-09-12 14:17:56.437697,12.864841193089408,POINT (77.01693292535661 28.6165036680761)
28.501674146119974,77.18781276156297,2024-09-12 14:17:56.449971,58.451459862652015,POINT (77.18781276156297 28.501674146119974)
28.647019951599134,77.1002315632669,2024-09-12 14:17:56.461812,10.8584324498067,POINT (77.1002315632669 28.647019951599134)
28.536735356756452,77.20914579437967,2024-09-12 14:17:56.473962,54.588987249628744,POINT (77.20914579437967 28.536735356756452)
28.672181008472997,76.99720426136773,2024-09-12 14:17:56.485866,25.462728545511318,POINT (76.99720426136773 28.672181008472997)
28.599889461847308,77.14257988095608,2024-09-12 14:17:56.497725,18.929709093518113,POINT (77.14257988095608 28.599889461847308)
28.75348726630061,77.09732749693144,2024-09-12 14:17:56.509346,59.79940183283085,POINT (77.09732749693144 28.75348726630061)
28.639224924649724,77.29246364895802,2024-09-12 14:17:56.520957,51.2785506241525,POINT (77.29246364895802 28.639224924649724)
28.490609340405193,77.24685480081003,2024-09-12 14:17:56.532829,32.230859714521074,POINT (77.24685480081003 28.490609340405193)
28.498977156937002,77.22651600321565,2024-09-12 14:17:56.544360,50.749785825087834,POINT (77.22651600321565 28.498977156937002)
28.50836542133773,77.29921699876363,2024-09-12 14:17:56.555841,41.805687610454,POINT (77.29921699876363 28.50836542133773)
28.59404507821364,77.00061157884268,2024-09-12 14:17:56.567297,29.963268935713586,POINT (77.00061157884268 28.59404507821364)
28.472811444920808,77.13028445377309,2024-09-12 14:17:56.578922,50.68945857476616,POINT (77.13028445377309 28.472811444920808)
28.62938703024425,77.23244954043487,2024-09-12 14:17:56.590566,33.753656809130845,POINT (77.23244954043487 28.62938703024425)
28.511718045524308,77.33388503105347,2024-09-12 14:17:56.602344,18.866361195085133,POINT (77.33388503105347 28.511718045524308)
28.499287136162728,77.25045973205908,2024-09-12 14:17:56.613892,56.37208225358939,POINT (77.25045973205908 28.499287136162728)
28.634671906724563,77.10099867282882,2024-09-12 14:17:56.625495,18.080472636332985,POINT (77.10099867282882 28.634671906724563)
28.62316703192843,77.04951410787774,2024-09-12 14:17:56.637317,44.45167079357152,POINT (77.04951410787774 28.62316703192843)
28.494572932353417,77.32053819076006,2024-09-12 14:17:56.649004,25.238555464142856,POINT (77.32053819076006 28.494572932353417)
28.658507471780958,77.30466138031191,2024-09-12 14:17:56.660801,13.290055114853269,POINT (77.30466138031191 28.658507471780958)
28.641565274788878,77.207221392522,2024-09-12 14:17:56.672551,26.382159264321032,POINT (77.207221392522 28.641565274788878)
28.635897853339767,77.05934141160434,2024-09-12 14:17:56.684516,16.63608027238172,POINT (77.05934141160434 28.635897853339767)
28.625874723590826,77.11634865063985,2024-09-12 14:17:56.696305,58.22003096085114,POINT (77.11634865063985 28.625874723590826)
28.66260920007181,77.18087616129804,2024-09-12 14:17:56.707915,26.369767050928587,POINT (77.18087616129804 28.66260920007181)
28.641870113482216,77.05500079937877,2024-09-12 14:17:56.719718,56.382782921620745,POINT (77.05500079937877 28.641870113482216)
28.61163396116565,77.01854231993883,2024-09-12 14:17:56.731592,31.89397525270759,POINT (77.01854231993883 28.61163396116565)
28.69453499829048,77.05390168785206,2024-09-12 14:17:56.743278,27.75178006784915,POINT (77.05390168785206 28.69453499829048)
28.537650995833086,77.11632940852864,2024-09-12 14:17:56.755209,33.07107661120326,POINT (77.11632940852864 28.537650995833086)
28.67603591822474,76.97073382205004,2024-09-12 14:17:56.766982,50.241549827052914,POINT (76.97073382205004 28.67603591822474)
28.644727417656053,77.20929466088613,2024-09-12 14:17:56.778728,31.86923652998144,POINT (77.20929466088613 28.644727417656053)
28.639774982935513,77.03824066447096,2024-09-12 14:17:56.790430,42.24682433938978,POINT (77.03824066447096 28.639774982935513)
28.65389082287735,77.22795009065428,2024-09-12 14:17:56.802031,10.838164403542452,POINT (77.22795009065428 28.65389082287735)
28.52451964012567,77.17832359283456,2024-09-12 14:17:56.813610,54.67686475575811,POINT (77.17832359283456 28.52451964012567)
28.674781542016007,77.08123675334132,2024-09-12 14:17:56.825228,17.5883009561385,POINT (77.08123675334132 28.674781542016007)
28.643041077512237,77.09957274758956,2024-09-12 14:17:56.836748,29.944445105849184,POINT (77.09957274758956 28.643041077512237)
28.526409332706294,77.20570924786699,2024-09-12 14:17:56.848262,39.05937422798878,POINT (77.20570924786699 28.526409332706294)
28.727979106689574,77.17225071181348,2024-09-12 14:17:56.859864,30.58104181976018,POINT (77.17225071181348 28.727979106689574)
28.72229562627829,77.21623191742103,2024-09-12 14:17:56.871744,26.246517686471655,POINT (77.21623191742103 28.72229562627829)
28.836355708320006,77.12097291231902,2024-09-12 14:17:56.884386,54.00342482399871,POINT (77.12097291231902 28.836355708320006)
28.545938787963568,77.18410519323925,2024-09-12 14:17:56.896622,50.3361219620496,POINT (77.18410519323925 28.545938787963568)
28.650018984722767,77.02602346780915,2024-09-12 14:17:56.908219,42.657779964117815,POINT (77.02602346780915 28.650018984722767)
28.64333222541736,77.22720589467042,2024-09-12 14:17:56.920056,15.32723867791538,POINT (77.22720589467042 28.64333222541736)
28.69469306135628,77.26778769430699,2024-09-12 14:17:56.931695,58.26586718219928,POINT (77.26778769430699 28.69469306135628)
28.681241407116033,77.06978103248578,2024-09-12 14:17:56.943297,34.243966272674086,POINT (77.06978103248578 28.681241407116033)
28.797124794852163,77.12767405539272,2024-09-12 14:17:56.954881,28.78312464449825,POINT (77.12767405539272 28.797124794852163)
28.631342767176594,77.13718248271577,2024-09-12 14:17:56.966409,31.061212490218058,POINT (77.13718248271577 28.631342767176594)
28.518493782199275,77.2432794700129,2024-09-12 14:17:56.978157,23.61975870528741,POINT (77.2432794700129 28.518493782199275)
28.589677206551457,77.03086635333926,2024-09-12 14:17:56.989732,28.08893930318341,POINT (77.03086635333926 28.589677206551457)
28.5350492258631,76.91535895738271,2024-09-12 14:17:57.001241,34.20488870287768,POINT (76.91535895738271 28.5350492258631)
28.672521861686107,77.19651244438997,2024-09-12 14:17:57.012797,57.597690191881895,POINT (77.19651244438997 28.672521861686107)
28.722347025430896,77.169941067873,2024-09-12 14:17:57.024383,21.568229292880506,POINT (77.169941067873 28.722347025430896)
28.639620302019736,77.08413627896888,2024-09-12 14:17:57.036198,30.07050397280527,POINT (77.08413627896888 28.639620302019736)
28.77022682434308,77.05568929807139,2024-09-12 14:17:57.047773,28.21326482462708,POINT (77.05568929807139 28.77022682434308)
28.80288844331732,77.05697952043032,2024-09-12 14:17:57.059336,22.466952890231063,POINT (77.05697952043032 28.80288844331732)
28.53494665846869,77.22117856834382,2024-09-12 14:17:57.070849,21.108672326245273,POINT (77.22117856834382 28.53494665846869)
28.624271390748145,77.27841439420877,2024-09-12 14:17:57.082414,50.089864426486265,POINT (77.27841439420877 28.624271390748145)
28.6061546012593,77.05494341284874,2024-09-12 14:17:57.093924,28.755011287102914,POINT (77.05494341284874 28.6061546012593)
28.575885948014687,77.17732098847947,2024-09-12 14:17:57.105381,22.406756497493888,POINT (77.17732098847947 28.575885948014687)
28.672354298503336,77.09108175568831,2024-09-12 14:17:57.116904,29.06394480562475,POINT (77.09108175568831 28.672354298503336)
28.639786865058177,77.0316209319725,2024-09-12 14:17:57.128548,21.70949288230934,POINT (77.0316209319725 28.639786865058177)
28.788659231687003,77.02797206769357,2024-09-12 14:17:57.140322,58.73645913671971,POINT (77.02797206769357 28.788659231687003)
28.63027693201242,77.04622462986185,2024-09-12 14:17:57.152265,17.45669283060681,POINT (77.04622462986185 28.63027693201242)
28.607736996453735,77.3072483739715,2024-09-12 14:17:57.164154,59.15204256869622,POINT (77.3072483739715 28.607736996453735)
28.708540517179692,77.11491255540243,2024-09-12 14:17:57.176070,28.747801106173668,POINT (77.11491255540243 28.708540517179692)
28.7676270759714,77.17085382429134,2024-09-12 14:17:57.188046,19.345748816482832,POINT (77.17085382429134 28.7676270759714)
28.73470497950457,77.13991889694223,2024-09-12 14:17:57.200939,52.435812740593946,POINT (77.13991889694223 28.73470497950457)
28.794469622501435,77.05808743617078,2024-09-12 14:17:57.213267,35.078363542981684,POINT (77.05808743617078 28.794469622501435)
28.664248286376285,77.11413427993345,2024-09-12 14:17:57.225797,22.93021362695587,POINT (77.11413427993345 28.664248286376285)
28.596294701318495,76.96697271557129,2024-09-12 14:17:57.237794,55.87571853668828,POINT (76.96697271557129 28.596294701318495)
28.650696310585463,77.18546825382835,2024-09-12 14:17:57.249673,52.67044273774043,POINT (77.18546825382835 28.650696310585463)
28.553847987373004,76.9116521882848,2024-09-12 14:17:57.261592,40.47749831680756,POINT (76.9116521882848 28.553847987373004)
28.733607770470137,77.04921928034355,2024-09-12 14:17:57.273936,56.96571977193889,POINT (77.04921928034355 28.733607770470137)
28.712897532817777,77.17954541884318,2024-09-12 14:17:57.285943,40.20468095444818,POINT (77.17954541884318 28.712897532817777)
28.807368675115562,77.06405824832758,2024-09-12 14:17:57.297563,17.185132047276745,POINT (77.06405824832758 28.807368675115562)
28.65045903716113,77.2880399633801,2024-09-12 14:17:57.309509,42.47345749247766,POINT (77.2880399633801 28.65045903716113)
28.530613141508116,77.2142789807812,2024-09-12 14:17:57.321548,12.767798982824315,POINT (77.2142789807812 28.530613141508116)
28.625900100810135,77.104135135487,2024-09-12 14:17:57.333232,52.41093476648435,POINT (77.104135135487 28.625900100810135)
28.61826801996551,77.29470603437255,2024-09-12 14:17:57.345180,10.231625019416414,POINT (77.29470603437255 28.61826801996551)
28.469564048617336,77.12864757506924,2024-09-12 14:17:57.357690,47.24430661174594,POINT (77.12864757506924 28.469564048617336)
28.633297536861477,77.09292035863304,2024-09-12 14:17:57.369900,10.579426227376656,POINT (77.09292035863304 28.633297536861477)
28.63640538223719,77.177979135192,2024-09-12 14:17:57.382799,42.4987258016744,POINT (77.177979135192 28.63640538223719)
28.80365126704411,77.05408393672782,2024-09-12 14:17:57.395704,46.85442246722553,POINT (77.05408393672782 28.80365126704411)
28.619174441441217,77.32802939326811,2024-09-12 14:17:57.409559,13.203268468429847,POINT (77.32802939326811 28.619174441441217)
28.597993594700856,76.91482945842492,2024-09-12 14:17:57.422200,21.67545096002612,POINT (76.91482945842492 28.597993594700856)
28.60645810822235,77.07657528090519,2024-09-12 14:17:57.434211,45.65961307094327,POINT (77.07657528090519 28.60645810822235)
28.62839065370505,77.2137741054118,2024-09-12 14:17:57.446307,14.3198021361874,POINT (77.2137741054118 28.62839065370505)
28.59670635146941,77.13403813973841,2024-09-12 14:17:57.458114,44.25389458777223,POINT (77.13403813973841 28.59670635146941)
28.495234933487684,77.14104700978895,2024-09-12 14:17:57.470232,26.06341255072507,POINT (77.14104700978895 28.495234933487684)
28.6850170326766,77.18928192781803,2024-09-12 14:17:57.481983,30.063268604796917,POINT (77.18928192781803 28.6850170326766)
28.67360433876196,77.18489909334305,2024-09-12 14:17:57.493823,16.376353934288797,POINT (77.18489909334305 28.67360433876196)
28.749218189658414,76.96645121920257,2024-09-12 14:17:57.506290,37.78429451992362,POINT (76.96645121920257 28.749218189658414)
28.58238198363482,77.25179705888219,2024-09-12 14:17:57.518431,10.945437684482641,POINT (77.25179705888219 28.58238198363482)
28.660261325571703,77.00827652342028,2024-09-12 14:17:57.530037,54.62538860507582,POINT (77.00827652342028 28.660261325571703)
28.700734100317955,77.08862830153838,2024-09-12 14:17:57.542011,40.22391826875315,POINT (77.08862830153838 28.700734100317955)
28.57389336256457,77.20570404990217,2024-09-12 14:17:57.554001,25.51614416227512,POINT (77.20570404990217 28.57389336256457)
28.645647337284828,77.1616922256009,2024-09-12 14:17:57.565818,31.30917877185537,POINT (77.1616922256009 28.645647337284828)
28.664595794717542,77.03637087083922,2024-09-12 14:17:57.577349,37.95022347753968,POINT (77.03637087083922 28.664595794717542)
28.698055785510714,77.06124988271135,2024-09-12 14:17:57.588978,40.18064193835629,POINT (77.06124988271135 28.698055785510714)
28.688077670565544,77.04488697387131,2024-09-12 14:17:57.601053,41.322220371874685,POINT (77.04488697387131 28.688077670565544)
28.758775411933442,77.20141612711967,2024-09-12 14:17:57.612970,26.053976929481305,POINT (77.20141612711967 28.758775411933442)
28.685396891213973,77.26904718419513,2024-09-12 14:17:57.624803,58.03194785713368,POINT (77.26904718419513 28.685396891213973)
28.658984466225718,77.06661949840823,2024-09-12 14:17:57.636744,36.534862738011284,POINT (77.06661949840823 28.658984466225718)
28.52131030120552,77.18319448818526,2024-09-12 14:17:57.648583,44.3316472763344,POINT (77.18319448818526 28.52131030120552)
28.593518739501675,77.08733201073662,2024-09-12 14:17:57.660516,20.16674333021618,POINT (77.08733201073662 28.593518739501675)
28.600600337245982,77.14109537172136,2024-09-12 14:17:57.672865,29.147806709959674,POINT (77.14109537172136 28.600600337245982)
28.77425693309806,77.17865951748931,2024-09-12 14:17:57.684947,54.46030684588501,POINT (77.17865951748931 28.77425693309806)
28.52555102548478,77.23641764719773,2024-09-12 14:17:57.696901,40.55543049426282,POINT (77.23641764719773 28.52555102548478)
28.58236213997305,77.23290132610086,2024-09-12 14:17:57.708813,34.88918109535198,POINT (77.23290132610086 28.58236213997305)
28.691942090664277,77.17477494431505,2024-09-12 14:17:57.721275,43.52855861716012,POINT (77.17477494431505 28.691942090664277)
28.76104360274278,77.18105382881173,2024-09-12 14:17:57.733216,34.20565300933724,POINT (77.18105382881173 28.76104360274278)
28.5619552971549,77.18299863897991,2024-09-12 14:17:57.745353,47.31601111828237,POINT (77.18299863897991 28.5619552971549)
28.552477719959423,77.25503443239076,2024-09-12 14:17:57.759453,18.107221819349057,POINT (77.25503443239076 28.552477719959423)
28.77123365048555,77.07031547576022,2024-09-12 14:17:57.772579,51.256279080139066,POINT (77.07031547576022 28.77123365048555)
28.55571583044413,77.17316721444763,2024-09-12 14:17:57.785071,20.977730219058408,POINT (77.17316721444763 28.55571583044413)
28.68827630750651,77.28041853623702,2024-09-12 14:17:57.797058,44.52648527251881,POINT (77.28041853623702 28.68827630750651)
28.702949813427637,76.98464312404293,2024-09-12 14:17:57.808872,54.02500587933471,POINT (76.98464312404293 28.702949813427637)
28.531818824240034,77.23167276374248,2024-09-12 14:17:57.821873,13.752417692062949,POINT (77.23167276374248 28.531818824240034)
28.491024953035666,77.24079311185945,2024-09-12 14:17:57.835138,55.8419264709121,POINT (77.24079311185945 28.491024953035666)
28.72963125320069,77.2076833060504,2024-09-12 14:17:57.847651,43.825989335949416,POINT (77.2076833060504 28.72963125320069)
28.670289233712754,77.1543330044364,2024-09-12 14:17:57.861333,20.76018459286768,POINT (77.1543330044364 28.670289233712754)
28.656496285401722,77.2114574757271,2024-09-12 14:17:57.876640,12.06348482097613,POINT (77.2114574757271 28.656496285401722)
28.53883532284682,77.08534986366585,2024-09-12 14:17:57.889635,48.36990526198544,POINT (77.08534986366585 28.53883532284682)
28.64384812106497,77.28459912825954,2024-09-12 14:17:57.901395,41.57292059722577,POINT (77.28459912825954 28.64384812106497)
28.622281922723737,77.01347782156991,2024-09-12 14:17:57.913167,12.018922211167112,POINT (77.01347782156991 28.622281922723737)
28.740101967070952,77.11411804743814,2024-09-12 14:17:57.925014,23.909889663811732,POINT (77.11411804743814 28.740101967070952)
28.636059586579847,77.10891905721662,2024-09-12 14:17:57.937044,16.24830930693342,POINT (77.10891905721662 28.636059586579847)
28.596001321359502,76.98791228930044,2024-09-12 14:17:57.948652,44.74189545146727,POINT (76.98791228930044 28.596001321359502)
28.773322058356154,77.18284323990237,2024-09-12 14:17:57.960389,47.19407449307406,POINT (77.18284323990237 28.773322058356154)
28.733370873890916,77.10902445855568,2024-09-12 14:17:57.972076,13.181509795551229,POINT (77.10902445855568 28.733370873890916)
28.67754092808754,77.05494439585114,2024-09-12 14:17:57.983870,44.86384984029703,POINT (77.05494439585114 28.67754092808754)
28.678688194194645,77.10800067931018,2024-09-12 14:17:57.995696,28.100696350150436,POINT (77.10800067931018 28.678688194194645)
28.859835266783875,77.10301096657784,2024-09-12 14:17:58.007573,36.290797478407946,POINT (77.10301096657784 28.859835266783875)
28.82922223710414,77.15051271028204,2024-09-12 14:17:58.019719,11.983868034695124,POINT (77.15051271028204 28.82922223710414)
28.736188068262667,77.13180854994067,2024-09-12 14:17:58.031636,46.15628849600267,POINT (77.13180854994067 28.736188068262667)
28.54480059121865,77.2548575422629,2024-09-12 14:17:58.043386,54.93236429956231,POINT (77.2548575422629 28.54480059121865)
28.580845160733993,77.08864930521257,2024-09-12 14:17:58.055264,33.38130731521167,POINT (77.08864930521257 28.580845160733993)
28.663581223834445,77.13660960752338,2024-09-12 14:17:58.066995,17.7404567862918,POINT (77.13660960752338 28.663581223834445)
28.522607915855776,77.16814492892252,2024-09-12 14:17:58.078808,21.483139219222934,POINT (77.16814492892252 28.522607915855776)
28.511928373961155,77.1700881825775,2024-09-12 14:17:58.090848,49.5053439968553,POINT (77.1700881825775 28.511928373961155)
28.716075655680502,77.27229124109824,2024-09-12 14:17:58.102808,32.10359615823696,POINT (77.27229124109824 28.716075655680502)
28.652993423168862,77.28415915935524,2024-09-12 14:17:58.114336,26.07773021302419,POINT (77.28415915935524 28.652993423168862)
28.663307941105092,76.97362704591512,2024-09-12 14:17:58.126460,54.65150784754475,POINT (76.97362704591512 28.663307941105092)
28.81956748334876,77.20100092106058,2024-09-12 14:17:58.138624,21.604068961037285,POINT (77.20100092106058 28.81956748334876)
28.733830835015393,77.11521106589808,2024-09-12 14:17:58.150667,33.66014062451322,POINT (77.11521106589808 28.733830835015393)
28.691812281221853,77.0541765966572,2024-09-12 14:17:58.162561,33.068749602277194,POINT (77.0541765966572 28.691812281221853)
28.75650745339888,77.15747650787843,2024-09-12 14:17:58.174770,40.437025586222966,POINT (77.15747650787843 28.75650745339888)
28.4850294855555,77.18037718921114,2024-09-12 14:17:58.186744,54.63526229731033,POINT (77.18037718921114 28.4850294855555)
28.672125178524183,77.26327470735775,2024-09-12 14:17:58.198776,59.59114308224397,POINT (77.26327470735775 28.672125178524183)
28.7440438097102,77.06106122157648,2024-09-12 14:17:58.210605,47.81079520263786,POINT (77.06106122157648 28.7440438097102)
28.733219555692184,77.20709082977586,2024-09-12 14:17:58.222831,59.161748791028266,POINT (77.20709082977586 28.733219555692184)
28.81758272950065,76.98313515361089,2024-09-12 14:17:58.234764,57.943459078614225,POINT (76.98313515361089 28.81758272950065)
28.7083976,77.20786764461047,2024-09-12 14:17:58.246442,19.358850642650502,POINT (77.20786764461047 28.7083976)
28.75661789576827,77.06284379632444,2024-09-12 14:17:58.258216,58.444243092580244,POINT (77.06284379632444 28.75661789576827)
28.61677269304709,77.03141419871577,2024-09-12 14:17:58.270484,51.00900652909125,POINT (77.03141419871577 28.61677269304709)
28.64975017387324,77.19709816106658,2024-09-12 14:17:58.282465,42.7068870813992,POINT (77.19709816106658 28.64975017387324)
28.534752377340556,77.07186360485156,2024-09-12 14:17:58.294242,21.672692810694414,POINT (77.07186360485156 28.534752377340556)
28.733860859924658,77.10826643124774,2024-09-12 14:17:58.306229,58.74142036612344,POINT (77.10826643124774 28.733860859924658)
28.578512244183447,77.0078167854542,2024-09-12 14:17:58.318064,23.570325161346382,POINT (77.0078167854542 28.578512244183447)
28.6716015205801,77.28684898680778,2024-09-12 14:17:58.329869,53.629540944035824,POINT (77.28684898680778 28.6716015205801)
28.65041987277808,77.02747795781184,2024-09-12 14:17:58.341499,29.925360400984495,POINT (77.02747795781184 28.65041987277808)
28.704095548345794,77.05213048142384,2024-09-12 14:17:58.353044,49.098403086952985,POINT (77.05213048142384 28.704095548345794)
28.68230396853038,77.18746727120904,2024-09-12 14:17:58.364532,17.146961746618615,POINT (77.18746727120904 28.68230396853038)
28.67408332807252,77.07149576448775,2024-09-12 14:17:58.376116,45.019698323966495,POINT (77.07149576448775 28.67408332807252)
28.61539848738534,77.0698581393616,2024-09-12 14:17:58.387867,15.828431685534285,POINT (77.0698581393616 28.61539848738534)
28.743260522818886,77.06470813911868,2024-09-12 14:17:58.399682,55.18155799028923,POINT (77.06470813911868 28.743260522818886)
28.659440049036537,77.2617202092681,2024-09-12 14:17:58.411387,25.885445846664165,POINT (77.2617202092681 28.659440049036537)
28.653224461681138,77.1614993970131,2024-09-12 14:17:58.423216,31.09112752887602,POINT (77.1614993970131 28.653224461681138)
28.711284855382722,77.19108997928504,2024-09-12 14:17:58.435006,33.544092139320156,POINT (77.19108997928504 28.711284855382722)
28.68589702160495,77.09150606270006,2024-09-12 14:17:58.446752,38.18089674327336,POINT (77.09150606270006 28.68589702160495)
28.527483997661875,77.10152852640753,2024-09-12 14:17:58.458569,46.10990296831144,POINT (77.10152852640753 28.527483997661875)
28.691612756853782,77.09651833847755,2024-09-12 14:17:58.470342,51.456029931825725,POINT (77.09651833847755 28.691612756853782)
28.612761325571434,77.10451261644656,2024-09-12 14:17:58.482095,34.22805433968122,POINT (77.10451261644656 28.612761325571434)
28.566948150730326,77.20420545695977,2024-09-12 14:17:58.493716,21.509011806488466,POINT (77.20420545695977 28.566948150730326)
28.71768167090884,77.17426199414976,2024-09-12 14:17:58.505665,43.03538224322457,POINT (77.17426199414976 28.71768167090884)
28.762289610565446,77.07899330352018,2024-09-12 14:17:58.517595,31.143964841169982,POINT (77.07899330352018 28.762289610565446)
28.62914049149999,77.01475838598483,2024-09-12 14:17:58.529474,32.09137425509229,POINT (77.01475838598483 28.62914049149999)
28.61931048294684,77.28166007929204,2024-09-12 14:17:58.541318,14.48111295838494,POINT (77.28166007929204 28.61931048294684)
28.647671103218098,77.02307817762427,2024-09-12 14:17:58.553110,10.161817891582016,POINT (77.02307817762427 28.647671103218098)
28.50858757574206,77.24820193963538,2024-09-12 14:17:58.564914,56.659918074064244,POINT (77.24820193963538 28.50858757574206)
28.61337874970419,77.03304748439379,2024-09-12 14:17:58.576859,24.298626894244236,POINT (77.03304748439379 28.61337874970419)
28.561018879682813,77.28090517537257,2024-09-12 14:17:58.588938,45.12900454617288,POINT (77.28090517537257 28.561018879682813)
28.690916688099,77.26783298570827,2024-09-12 14:17:58.600708,28.373446536865618,POINT (77.26783298570827 28.690916688099)
28.74493891838214,77.16532896780579,2024-09-12 14:17:58.612478,31.161441639060037,POINT (77.16532896780579 28.74493891838214)
28.690188728068705,77.06461478006969,2024-09-12 14:17:58.624764,15.526227233122832,POINT (77.06461478006969 28.690188728068705)
28.475826420459704,77.17177212433961,2024-09-12 14:17:58.636964,49.050678005413545,POINT (77.17177212433961 28.475826420459704)
28.656341578486153,77.3044205670873,2024-09-12 14:17:58.648804,54.35589384738082,POINT (77.3044205670873 28.656341578486153)
28.65024111080272,76.93662682808096,2024-09-12 14:17:58.660557,22.30224674561098,POINT (76.93662682808096 28.65024111080272)
28.75044137008911,77.19865789034522,2024-09-12 14:17:58.672336,18.554064547528135,POINT (77.19865789034522 28.75044137008911)
28.56849425119621,77.1773332973382,2024-09-12 14:17:58.684145,28.22094798271711,POINT (77.1773332973382 28.56849425119621)
28.676861052162483,77.0754534139323,2024-09-12 14:17:58.695953,27.16772921593869,POINT (77.0754534139323 28.676861052162483)
28.72597381509214,77.17589890154628,2024-09-12 14:17:58.707935,44.32900982355231,POINT (77.17589890154628 28.72597381509214)
28.720150223391716,77.17238630731964,2024-09-12 14:17:58.719992,40.68302415754317,POINT (77.17238630731964 28.720150223391716)
28.60337029612563,77.03060488236257,2024-09-12 14:17:58.731844,16.51222752154078,POINT (77.03060488236257 28.60337029612563)
28.503308862327724,77.31169768152961,2024-09-12 14:17:58.743619,10.132568525820764,POINT (77.31169768152961 28.503308862327724)
28.733625225135018,77.05723695463867,2024-09-12 14:17:58.756025,45.24862197450654,POINT (77.05723695463867 28.733625225135018)
28.522106804723077,77.2292562239831,2024-09-12 14:17:58.768004,26.680923659343748,POINT (77.2292562239831 28.522106804723077)
28.721295203877002,77.11681873198354,2024-09-12 14:17:58.779904,59.62557590374788,POINT (77.11681873198354 28.721295203877002)
28.619153811165873,77.08877713446334,2024-09-12 14:17:58.791523,34.74363362267812,POINT (77.08877713446334 28.619153811165873)
28.645198079010203,77.14168103484008,2024-09-12 14:17:58.803386,10.65785618607183,POINT (77.14168103484008 28.645198079010203)
28.63147272244317,77.28575307833805,2024-09-12 14:17:58.815009,16.888063297667895,POINT (77.28575307833805 28.63147272244317)
28.613576405892086,77.05056143257359,2024-09-12 14:17:58.826511,57.23668834248075,POINT (77.05056143257359 28.613576405892086)
28.626001700761407,77.04933909167354,2024-09-12 14:17:58.838129,16.235708794421342,POINT (77.04933909167354 28.626001700761407)
28.63536697418365,77.09245292823346,2024-09-12 14:17:58.849811,45.06935588069589,POINT (77.09245292823346 28.63536697418365)
28.611286309003777,77.11175142182545,2024-09-12 14:17:58.861447,57.82833184820347,POINT (77.11175142182545 28.611286309003777)
28.53375107556123,77.24992857473337,2024-09-12 14:17:58.873551,30.090516445681097,POINT (77.24992857473337 28.53375107556123)
28.665338763992946,77.10276898345728,2024-09-12 14:17:58.885521,16.226531577221245,POINT (77.10276898345728 28.665338763992946)
28.604812537035446,76.98366503366343,2024-09-12 14:17:58.897322,19.61084368742022,POINT (76.98366503366343 28.604812537035446)
28.510860883317022,76.894048672894,2024-09-12 14:17:58.909070,53.96947844394008,POINT (76.894048672894 28.510860883317022)
28.644016002198022,77.02063770267712,2024-09-12 14:17:58.921707,18.72623640623783,POINT (77.02063770267712 28.644016002198022)
28.570858451206117,77.01900798098313,2024-09-12 14:17:58.933571,10.01829959096597,POINT (77.01900798098313 28.570858451206117)
28.699211906601136,77.05499878248922,2024-09-12 14:17:58.945381,11.566599315925904,POINT (77.05499878248922 28.699211906601136)
28.688570700169542,77.10598047434699,2024-09-12 14:17:58.957260,46.02277553620754,POINT (77.10598047434699 28.688570700169542)
28.733296430637328,77.0530133223866,2024-09-12 14:17:58.969191,24.565067406523102,POINT (77.0530133223866 28.733296430637328)
28.621343044720135,77.04468787621293,2024-09-12 14:17:58.981055,44.34934849283495,POINT (77.04468787621293 28.621343044720135)
28.67262609558053,77.3205512898415,2024-09-12 14:17:58.992874,30.441310000731193,POINT (77.3205512898415 28.67262609558053)
28.64857353285453,77.04498107179462,2024-09-12 14:17:59.004796,56.330509746719805,POINT (77.04498107179462 28.64857353285453)
28.684999659439974,77.27302997782186,2024-09-12 14:17:59.016579,36.40896074152477,POINT (77.27302997782186 28.684999659439974)
28.432013331476757,77.2299867570005,2024-09-12 14:17:59.028364,49.498621751227994,POINT (77.2299867570005 28.432013331476757)
28.636949292986493,77.05169794601366,2024-09-12 14:17:59.040225,46.16651568068705,POINT (77.05169794601366 28.636949292986493)
28.721956508413708,77.28058867068667,2024-09-12 14:17:59.052122,46.540032088896226,POINT (77.28058867068667 28.721956508413708)
28.68222662436146,76.96864107071494,2024-09-12 14:17:59.064054,30.254217427175913,POINT (76.96864107071494 28.68222662436146)
28.66013131619957,77.2311512867212,2024-09-12 14:17:59.075776,28.036267807113166,POINT (77.2311512867212 28.66013131619957)
28.721984265361527,77.16722476898403,2024-09-12 14:17:59.087552,11.0204211400286,POINT (77.16722476898403 28.721984265361527)
28.5205156860543,76.98585781089871,2024-09-12 14:17:59.099373,20.23024081391369,POINT (76.98585781089871 28.5205156860543)
28.59609944819465,77.12304457751085,2024-09-12 14:17:59.111016,50.05974385730627,POINT (77.12304457751085 28.59609944819465)
28.496356897118506,77.31291539014391,2024-09-12 14:17:59.122958,44.42079912618067,POINT (77.31291539014391 28.496356897118506)
28.657067834831818,77.27814620803282,2024-09-12 14:17:59.134737,59.091920890607746,POINT (77.27814620803282 28.657067834831818)
28.739005113209664,77.11950736014325,2024-09-12 14:17:59.146388,17.331867347968984,POINT (77.11950736014325 28.739005113209664)
28.61575878653798,77.03003272625125,2024-09-12 14:17:59.157981,13.199181671104611,POINT (77.03003272625125 28.61575878653798)
28.760913203891302,77.15394105503113,2024-09-12 14:17:59.169734,50.989064386858374,POINT (77.15394105503113 28.760913203891302)
28.597795786317985,77.20876113984461,2024-09-12 14:17:59.181432,46.62644169020315,POINT (77.20876113984461 28.597795786317985)
28.56831864269591,77.23199552676463,2024-09-12 14:17:59.193229,35.88021777849186,POINT (77.23199552676463 28.56831864269591)
28.685591693162227,77.16465905941557,2024-09-12 14:17:59.205037,52.48007509277188,POINT (77.16465905941557 28.685591693162227)
28.64689424050325,77.06562787714094,2024-09-12 14:17:59.216784,31.002156702085145,POINT (77.06562787714094 28.64689424050325)
28.619297237702927,77.02772970970634,2024-09-12 14:17:59.228585,55.62755770908399,POINT (77.02772970970634 28.619297237702927)
28.677779787265546,77.09056573195245,2024-09-12 14:17:59.240536,47.744444109451116,POINT (77.09056573195245 28.677779787265546)
28.71482704543714,77.26379690119153,2024-09-12 14:17:59.252444,55.83879600821099,POINT (77.26379690119153 28.71482704543714)
28.668632644720557,77.10972875005064,2024-09-12 14:17:59.264313,55.44099614494695,POINT (77.10972875005064 28.668632644720557)
28.74851748123313,77.18715083903132,2024-09-12 14:17:59.276090,35.48079058906828,POINT (77.18715083903132 28.74851748123313)
28.70715922131642,77.12374850214215,2024-09-12 14:17:59.287901,16.230028979370687,POINT (77.12374850214215 28.70715922131642)
28.57985158799937,77.1857909085384,2024-09-12 14:17:59.299564,34.23517541884706,POINT (77.1857909085384 28.57985158799937)
28.50471691890486,77.21685798403001,2024-09-12 14:17:59.311297,32.475722926400124,POINT (77.21685798403001 28.50471691890486)
28.664052781352606,77.14845669513791,2024-09-12 14:17:59.323342,27.54997492850056,POINT (77.14845669513791 28.664052781352606)
28.711266160704902,77.14149514929943,2024-09-12 14:17:59.335240,43.05914740207704,POINT (77.14149514929943 28.711266160704902)
28.57592898557558,77.24500751475094,2024-09-12 14:17:59.347059,30.422977320486453,POINT (77.24500751475094 28.57592898557558)
28.712447506418137,77.09871809384434,2024-09-12 14:17:59.358966,57.764112012754076,POINT (77.09871809384434 28.712447506418137)
28.66693957129961,77.26550481849775,2024-09-12 14:17:59.370874,41.940712883887706,POINT (77.26550481849775 28.66693957129961)
28.615046743863886,76.98373145804771,2024-09-12 14:17:59.383956,25.696407021966962,POINT (76.98373145804771 28.615046743863886)
28.855152819124307,77.08001508093515,2024-09-12 14:17:59.396489,12.481334441810818,POINT (77.08001508093515 28.855152819124307)
28.69835539119911,77.3038616425046,2024-09-12 14:17:59.408966,57.87859934147971,POINT (77.3038616425046 28.69835539119911)
28.67158697223795,77.1073797102368,2024-09-12 14:17:59.421039,20.837987036771835,POINT (77.1073797102368 28.67158697223795)
28.507850507294478,77.23078765053702,2024-09-12 14:17:59.432982,29.781966635952248,POINT (77.23078765053702 28.507850507294478)
28.67802534362188,77.27531584402318,2024-09-12 14:17:59.444798,14.593694400941917,POINT (77.27531584402318 28.67802534362188)
28.619218415893425,76.98269016217884,2024-09-12 14:17:59.456735,26.468268952905134,POINT (76.98269016217884 28.619218415893425)
28.637776175948623,77.03967385772927,2024-09-12 14:17:59.468541,32.027482212946616,POINT (77.03967385772927 28.637776175948623)
28.68267632661546,77.26406332429207,2024-09-12 14:17:59.480196,52.75944294136416,POINT (77.26406332429207 28.68267632661546)
28.68032294780811,77.10537427607122,2024-09-12 14:17:59.491992,26.885789814367165,POINT (77.10537427607122 28.68032294780811)
28.688166435897838,77.29605037077263,2024-09-12 14:17:59.503916,26.614335025275405,POINT (77.29605037077263 28.688166435897838)
28.66778843178828,77.11610453948359,2024-09-12 14:17:59.516352,13.22167646847965,POINT (77.11610453948359 28.66778843178828)
28.635427057193542,77.09817195402995,2024-09-12 14:17:59.529095,35.716635976595846,POINT (77.09817195402995 28.635427057193542)
28.56401937238377,77.22712190580306,2024-09-12 14:17:59.541556,41.65914436159116,POINT (77.22712190580306 28.56401937238377)
28.497769335142056,77.24556799167522,2024-09-12 14:17:59.553708,38.57451422530486,POINT (77.24556799167522 28.497769335142056)
28.645773574107036,77.24046622831655,2024-09-12 14:17:59.565720,10.789873223540688,POINT (77.24046622831655 28.645773574107036)
28.6140897103789,77.0470311167689,2024-09-12 14:17:59.577546,10.351519640473647,POINT (77.0470311167689 28.6140897103789)
28.4344164375809,77.22476635699482,2024-09-12 14:17:59.589639,51.39168192392327,POINT (77.22476635699482 28.4344164375809)
28.63310666737567,76.9682416653689,2024-09-12 14:17:59.601452,11.21777682974254,POINT (76.9682416653689 28.63310666737567)
28.50896557555178,77.26926186156929,2024-09-12 14:17:59.613124,38.16544814403146,POINT (77.26926186156929 28.50896557555178)
28.613439924380653,77.21748622390787,2024-09-12 14:17:59.624844,39.475323857248256,POINT (77.21748622390787 28.613439924380653)
28.79486440422959,77.09568506367971,2024-09-12 14:17:59.636792,59.8895074074297,POINT (77.09568506367971 28.79486440422959)
28.655962696206483,77.02410817940154,2024-09-12 14:17:59.648638,58.627794182772085,POINT (77.02410817940154 28.655962696206483)
28.499958200936824,77.20168389898527,2024-09-12 14:17:59.660487,12.781722761751343,POINT (77.20168389898527 28.499958200936824)
28.608784166245425,76.96133038029936,2024-09-12 14:17:59.672358,18.791227909973024,POINT (76.96133038029936 28.608784166245425)
28.548811380551015,77.21266167272444,2024-09-12 14:17:59.684285,44.160954190076644,POINT (77.21266167272444 28.548811380551015)
28.643753310672405,77.21986397221427,2024-09-12 14:17:59.695879,27.543949368692285,POINT (77.21986397221427 28.643753310672405)
28.543662180735573,77.20525880026976,2024-09-12 14:17:59.707712,33.781718409930406,POINT (77.20525880026976 28.543662180735573)
28.55012850132095,77.02046996369933,2024-09-12 14:17:59.719584,54.32927426945675,POINT (77.02046996369933 28.55012850132095)
28.700524668542496,77.13559562539128,2024-09-12 14:17:59.731457,15.294115631046054,POINT (77.13559562539128 28.700524668542496)
28.652625700153003,77.2129224464833,2024-09-12 14:17:59.743221,10.896541110330334,POINT (77.2129224464833 28.652625700153003)
28.614266952720858,77.0693792705075,2024-09-12 14:17:59.754979,49.2343671604646,POINT (77.0693792705075 28.614266952720858)
28.8111963225764,77.06401474245861,2024-09-12 14:17:59.766539,16.344954203330254,POINT (77.06401474245861 28.8111963225764)
28.598481425582044,77.21465603875451,2024-09-12 14:17:59.778136,44.788418077359545,POINT (77.21465603875451 28.598481425582044)
28.620036490560555,77.297797374807,2024-09-12 14:17:59.789733,52.91356765535072,POINT (77.297797374807 28.620036490560555)
28.666584768136932,77.06816455954514,2024-09-12 14:17:59.801302,37.33044140683522,POINT (77.06816455954514 28.666584768136932)
28.594007593298127,77.07390949634751,2024-09-12 14:17:59.812865,32.242656907106294,POINT (77.07390949634751 28.594007593298127)
28.637209637970113,77.01846282777524,2024-09-12 14:17:59.824523,19.32154982309452,POINT (77.01846282777524 28.637209637970113)
28.71589134664554,77.10667257119069,2024-09-12 14:17:59.836351,34.072074507138765,POINT (77.10667257119069 28.71589134664554)
28.628831061541298,77.31098205782634,2024-09-12 14:17:59.848244,26.38657307344438,POINT (77.31098205782634 28.628831061541298)
28.687997699175682,77.04474323877064,2024-09-12 14:17:59.859963,30.97495576388938,POINT (77.04474323877064 28.687997699175682)
28.646501419626745,77.08469008043586,2024-09-12 14:17:59.871993,38.36671510978552,POINT (77.08469008043586 28.646501419626745)
28.553390911688542,77.09348258780754,2024-09-12 14:17:59.883831,48.81820749350314,POINT (77.09348258780754 28.553390911688542)
28.62049464322294,77.03126691571933,2024-09-12 14:17:59.896713,35.72000599679784,POINT (77.03126691571933 28.62049464322294)
28.63262497706322,77.20164813520557,2024-09-12 14:17:59.909095,24.236598128820454,POINT (77.20164813520557 28.63262497706322)
28.690278297236443,77.14525492914545,2024-09-12 14:17:59.921344,38.913393854781745,POINT (77.14525492914545 28.690278297236443)
28.612362968934264,76.96969718795721,2024-09-12 14:17:59.934146,45.65398552623592,POINT (76.96969718795721 28.612362968934264)
28.614036430714364,77.33438156614984,2024-09-12 14:17:59.947442,31.778926519765037,POINT (77.33438156614984 28.614036430714364)
28.550376335098083,77.24609423067834,2024-09-12 14:17:59.959543,20.197346758876442,POINT (77.24609423067834 28.550376335098083)
28.596701755952733,77.09962284786002,2024-09-12 14:17:59.971765,46.919399993607385,POINT (77.09962284786002 28.596701755952733)
28.564617818318784,77.24453162893936,2024-09-12 14:17:59.983611,14.912384239975193,POINT (77.24453162893936 28.564617818318784)
28.535543514982187,77.28927708920024,2024-09-12 14:17:59.995640,19.387468921703668,POINT (77.28927708920024 28.535543514982187)
28.62312886832816,77.20458342342732,2024-09-12 14:18:00.008033,45.32680037297678,POINT (77.20458342342732 28.62312886832816)
28.599763016767902,77.02546021577925,2024-09-12 14:18:00.020418,14.041272292698828,POINT (77.02546021577925 28.599763016767902)
28.83213197269622,77.09175730139958,2024-09-12 14:18:00.032215,24.996856369086558,POINT (77.09175730139958 28.83213197269622)
28.706225537134483,77.1489032235383,2024-09-12 14:18:00.044131,50.02433750353373,POINT (77.1489032235383 28.706225537134483)
28.658003580013148,77.10371778052198,2024-09-12 14:18:00.056681,32.77374467550929,POINT (77.10371778052198 28.658003580013148)
28.615585497900433,77.09645631486832,2024-09-12 14:18:00.068727,30.31690562105991,POINT (77.09645631486832 28.615585497900433)
28.695973908771336,77.26222114501202,2024-09-12 14:18:00.080457,21.646719740120687,POINT (77.26222114501202 28.695973908771336)
28.68074960914862,77.27065993154686,2024-09-12 14:18:00.092432,52.5897308804145,POINT (77.27065993154686 28.68074960914862)
28.597704267644243,77.24420478084882,2024-09-12 14:18:00.104617,24.378448414836633,POINT (77.24420478084882 28.597704267644243)
28.766057895530775,77.20438770483437,2024-09-12 14:18:00.116449,50.369766570046906,POINT (77.20438770483437 28.766057895530775)
28.551831780468508,77.234957541252,2024-09-12 14:18:00.128317,26.645876524551245,POINT (77.234957541252 28.551831780468508)
28.590980037530308,77.20509139665205,2024-09-12 14:18:00.140851,20.329755576370165,POINT (77.20509139665205 28.590980037530308)
28.64701333638913,77.10273262431174,2024-09-12 14:18:00.152868,16.75703306310421,POINT (77.10273262431174 28.64701333638913)
28.569285990837244,77.27032460431379,2024-09-12 14:18:00.164651,29.050941660046007,POINT (77.27032460431379 28.569285990837244)
28.597874964090416,77.30210764791084,2024-09-12 14:18:00.176441,51.99831515039294,POINT (77.30210764791084 28.597874964090416)
28.545297676089213,77.24211313895562,2024-09-12 14:18:00.188518,18.294664990162033,POINT (77.24211313895562 28.545297676089213)
28.545848578539726,77.04877280456559,2024-09-12 14:18:00.200386,30.70646166454418,POINT (77.04877280456559 28.545848578539726)
28.651074008426956,77.22602908057952,2024-09-12 14:18:00.212284,22.67994616006049,POINT (77.22602908057952 28.651074008426956)
28.842652883990965,77.07547650466624,2024-09-12 14:18:00.224253,38.262251443454545,POINT (77.07547650466624 28.842652883990965)
28.6335616544253,77.03594008249806,2024-09-12 14:18:00.235936,57.34544110558079,POINT (77.03594008249806 28.6335616544253)
28.76590456235343,77.17201238076433,2024-09-12 14:18:00.247470,47.956402291610594,POINT (77.17201238076433 28.76590456235343)
28.663273945943587,77.13524895884026,2024-09-12 14:18:00.259111,31.280420218387842,POINT (77.13524895884026 28.663273945943587)
28.55969311227998,77.21191648454327,2024-09-12 14:18:00.271240,19.612586048565923,POINT (77.21191648454327 28.55969311227998)
28.63624994946755,77.27303598237572,2024-09-12 14:18:00.283111,41.69314184348565,POINT (77.27303598237572 28.63624994946755)
28.698994219873036,77.13599465119668,2024-09-12 14:18:00.294974,51.82476371649441,POINT (77.13599465119668 28.698994219873036)
28.64378211488835,77.1821500559332,2024-09-12 14:18:00.306894,37.60949392428972,POINT (77.1821500559332 28.64378211488835)
28.812084845830338,77.06248349800353,2024-09-12 14:18:00.318838,19.361499268660182,POINT (77.06248349800353 28.812084845830338)
28.730085518017955,77.16073622839144,2024-09-12 14:18:00.330605,58.42040323379656,POINT (77.16073622839144 28.730085518017955)
28.693887856392863,77.26172557419125,2024-09-12 14:18:00.342345,10.241133510646424,POINT (77.26172557419125 28.693887856392863)
28.665750258577685,77.15050283451825,2024-09-12 14:18:00.354321,33.56544897091092,POINT (77.15050283451825 28.665750258577685)
28.677365718588252,77.07019038368611,2024-09-12 14:18:00.366278,30.336476566879686,POINT (77.07019038368611 28.677365718588252)
28.61916931625543,77.10459349854801,2024-09-12 14:18:00.377954,35.70260452718722,POINT (77.10459349854801 28.61916931625543)
28.699819851130535,77.09899139070937,2024-09-12 14:18:00.389688,22.5702406882249,POINT (77.09899139070937 28.699819851130535)
28.732813619765523,77.16498514567091,2024-09-12 14:18:00.401575,25.391231031822045,POINT (77.16498514567091 28.732813619765523)
28.652327836055555,77.30970821802899,2024-09-12 14:18:00.413400,38.11870708174217,POINT (77.30970821802899 28.652327836055555)
28.687612929553907,77.28221312431232,2024-09-12 14:18:00.425168,44.94497721181586,POINT (77.28221312431232 28.687612929553907)
28.694710185214984,77.06613788303603,2024-09-12 14:18:00.436955,39.37070433707116,POINT (77.06613788303603 28.694710185214984)
28.691345160363408,77.05956613825083,2024-09-12 14:18:00.448648,58.340838923164604,POINT (77.05956613825083 28.691345160363408)
28.77165749164342,77.05568576637751,2024-09-12 14:18:00.460362,44.092632621990035,POINT (77.05568576637751 28.77165749164342)
28.59817736714925,77.21566377496985,2024-09-12 14:18:00.472142,47.09522331648104,POINT (77.21566377496985 28.59817736714925)
28.47570130901838,77.12581288629997,2024-09-12 14:18:00.483956,40.64205276559305,POINT (77.12581288629997 28.47570130901838)
28.5521303993644,77.2707393289348,2024-09-12 14:18:00.495714,18.8455633093404,POINT (77.2707393289348 28.5521303993644)
28.57648593090112,77.176152344245,2024-09-12 14:18:00.507553,39.96983304402268,POINT (77.176152344245 28.57648593090112)
28.68334625749915,77.13046799658797,2024-09-12 14:18:00.546884,54.352787530877414,POINT (77.13046799658797 28.68334625749915)
28.55400521777414,77.25996770354203,2024-09-12 14:18:00.573241,18.6362291629397,POINT (77.25996770354203 28.55400521777414)
28.548149304090536,77.24272958793344,2024-09-12 14:18:00.585355,54.29166529289676,POINT (77.24272958793344 28.548149304090536)
28.650897060304963,77.02532015276458,2024-09-12 14:18:00.597308,26.134309697022037,POINT (77.02532015276458 28.650897060304963)
28.64382987024809,77.29113543135504,2024-09-12 14:18:00.609178,47.84823633768348,POINT (77.29113543135504 28.64382987024809)
28.600534266610627,77.16396338707614,2024-09-12 14:18:00.621317,48.28480751049242,POINT (77.16396338707614 28.600534266610627)
28.837834069987668,77.09802940795424,2024-09-12 14:18:00.633288,23.501870675224847,POINT (77.09802940795424 28.837834069987668)
28.64572061873673,77.11942302197981,2024-09-12 14:18:00.645158,59.797864607449974,POINT (77.11942302197981 28.64572061873673)
28.617002998249657,77.08881395147611,2024-09-12 14:18:00.657278,45.395955081772705,POINT (77.08881395147611 28.617002998249657)
28.605265134002327,77.09212175755188,2024-09-12 14:18:00.669272,14.47573847876902,POINT (77.09212175755188 28.605265134002327)
28.536213531639557,77.23930881202267,2024-09-12 14:18:00.680873,54.24001228314369,POINT (77.23930881202267 28.536213531639557)
28.706734213163756,77.26643245990898,2024-09-12 14:18:00.692543,16.54396210909285,POINT (77.26643245990898 28.706734213163756)
28.597130383147174,77.1405152987927,2024-09-12 14:18:00.704189,49.175875779685484,POINT (77.1405152987927 28.597130383147174)
28.5556711204199,77.18578889107619,2024-09-12 14:18:00.715825,45.06632177610866,POINT (77.18578889107619 28.5556711204199)
28.81682109159464,76.97078282071155,2024-09-12 14:18:00.727666,47.145803019392346,POINT (76.97078282071155 28.81682109159464)
28.621961644622875,77.29147464941013,2024-09-12 14:18:00.739550,32.72467457654989,POINT (77.29147464941013 28.621961644622875)
28.636821471304906,77.10307745000793,2024-09-12 14:18:00.751412,32.29976500618683,POINT (77.10307745000793 28.636821471304906)
28.492130061563344,77.32514318560924,2024-09-12 14:18:00.763424,41.55050326551922,POINT (77.32514318560924 28.492130061563344)
28.728287490389725,77.27703331227379,2024-09-12 14:18:00.775227,33.67761601415094,POINT (77.27703331227379 28.728287490389725)
28.64289530970089,77.05446111472475,2024-09-12 14:18:00.787116,14.213230729572537,POINT (77.05446111472475 28.64289530970089)
28.646736103275696,77.18415678663938,2024-09-12 14:18:00.798965,24.017882826951123,POINT (77.18415678663938 28.646736103275696)
28.6203124945062,77.3169719106099,2024-09-12 14:18:00.810796,54.250376681611606,POINT (77.3169719106099 28.6203124945062)
28.648075287587716,77.03931603746238,2024-09-12 14:18:00.822761,31.872166135069783,POINT (77.03931603746238 28.648075287587716)
28.62882361581979,77.22615907255059,2024-09-12 14:18:00.834621,44.464825669807155,POINT (77.22615907255059 28.62882361581979)
28.594152505108156,77.24647228202497,2024-09-12 14:18:00.846414,17.004608640717773,POINT (77.24647228202497 28.594152505108156)
28.530330185652762,77.17884682114163,2024-09-12 14:18:00.858068,36.233760773508834,POINT (77.17884682114163 28.530330185652762)
28.638966203283427,77.08660092426958,2024-09-12 14:18:00.870160,22.842780643296017,POINT (77.08660092426958 28.638966203283427)
28.577001911403865,77.23343023586388,2024-09-12 14:18:00.882229,56.256008870323114,POINT (77.23343023586388 28.577001911403865)
28.543187258821927,77.03890632282526,2024-09-12 14:18:00.896045,45.33969038352548,POINT (77.03890632282526 28.543187258821927)
28.576707197987698,77.19558166622879,2024-09-12 14:18:00.908824,56.38106612580703,POINT (77.19558166622879 28.576707197987698)
28.702953208431026,77.12310124766466,2024-09-12 14:18:00.923076,57.21926166394333,POINT (77.12310124766466 28.702953208431026)
28.703697349721395,77.16450502353119,2024-09-12 14:18:00.935803,30.679952364182547,POINT (77.16450502353119 28.703697349721395)
28.73160452632608,77.21148120545645,2024-09-12 14:18:00.948076,44.967237581934086,POINT (77.21148120545645 28.73160452632608)
28.66709203474858,77.25133943870796,2024-09-12 14:18:00.960724,11.408955062660189,POINT (77.25133943870796 28.66709203474858)
28.515870567611344,77.30875521712267,2024-09-12 14:18:00.973255,42.85670259798015,POINT (77.30875521712267 28.515870567611344)
28.585733470649085,77.15772755234248,2024-09-12 14:18:00.987417,14.176551720567417,POINT (77.15772755234248 28.585733470649085)
28.70997727922064,77.11426764615095,2024-09-12 14:18:01.000917,48.72906072188735,POINT (77.11426764615095 28.70997727922064)
28.727267903466746,77.17274967876686,2024-09-12 14:18:01.013450,28.438186958354514,POINT (77.17274967876686 28.727267903466746)
28.55553692245341,77.16232931409536,2024-09-12 14:18:01.025724,50.74852639907391,POINT (77.16232931409536 28.55553692245341)
28.51545405467754,77.30245340556932,2024-09-12 14:18:01.038539,18.741995313911467,POINT (77.30245340556932 28.51545405467754)
28.697297681587326,77.27495038130334,2024-09-12 14:18:01.050206,13.547314386919009,POINT (77.27495038130334 28.697297681587326)
28.699217894773952,77.14293321954032,2024-09-12 14:18:01.062106,42.20785711981131,POINT (77.14293321954032 28.699217894773952)
28.7173885578993,77.13528271361238,2024-09-12 14:18:01.074160,30.22090651602576,POINT (77.13528271361238 28.7173885578993)
28.782064621279922,77.07126249895018,2024-09-12 14:18:01.086117,12.789058758018982,POINT (77.07126249895018 28.782064621279922)
28.640430382302807,77.1156771237003,2024-09-12 14:18:01.097899,38.30531858851284,POINT (77.1156771237003 28.640430382302807)
28.75077823143404,76.97349101702157,2024-09-12 14:18:01.109616,26.061308290393615,POINT (76.97349101702157 28.75077823143404)
28.752597611369357,77.16226348266225,2024-09-12 14:18:01.121432,34.54622593728634,POINT (77.16226348266225 28.752597611369357)
28.62462936362145,77.24080617351233,2024-09-12 14:18:01.132980,19.577098046228393,POINT (77.24080617351233 28.62462936362145)
28.74620794473302,77.16256269481427,2024-09-12 14:18:01.144794,37.96926519175946,POINT (77.16256269481427 28.74620794473302)
28.57282322125377,77.20334089676304,2024-09-12 14:18:01.156644,49.717275002739754,POINT (77.20334089676304 28.57282322125377)
28.70401114897639,77.29136139136908,2024-09-12 14:18:01.168508,58.89666862557416,POINT (77.29136139136908 28.70401114897639)
28.61851189146879,77.02714957163683,2024-09-12 14:18:01.180307,22.064829408266043,POINT (77.02714957163683 28.61851189146879)
28.61084108707857,77.02075054487622,2024-09-12 14:18:01.192435,37.38751918672074,POINT (77.02075054487622 28.61084108707857)
28.569447505439364,77.19462870789478,2024-09-12 14:18:01.204344,34.650731770688246,POINT (77.19462870789478 28.569447505439364)
28.512899638063505,77.10901674338628,2024-09-12 14:18:01.216018,20.559288701866798,POINT (77.10901674338628 28.512899638063505)
28.629376261514572,77.03612492096721,2024-09-12 14:18:01.227907,21.485688904224055,POINT (77.03612492096721 28.629376261514572)
28.662745562164886,77.17795712714096,2024-09-12 14:18:01.239912,48.96795075572548,POINT (77.17795712714096 28.662745562164886)
28.55943375315554,77.05112037786597,2024-09-12 14:18:01.251700,26.389903287565353,POINT (77.05112037786597 28.55943375315554)
28.52209975988437,77.23034771534036,2024-09-12 14:18:01.263348,46.22491809596614,POINT (77.23034771534036 28.52209975988437)
28.81098150277339,77.15191303020552,2024-09-12 14:18:01.275028,38.119301842108385,POINT (77.15191303020552 28.81098150277339)
28.51663770497586,77.19729078254046,2024-09-12 14:18:01.286969,20.363506058865667,POINT (77.19729078254046 28.51663770497586)
28.5821528325339,77.0618279360873,2024-09-12 14:18:01.298815,17.039643349063738,POINT (77.0618279360873 28.5821528325339)
28.74748139801341,77.15299960957222,2024-09-12 14:18:01.310580,42.98666035658266,POINT (77.15299960957222 28.74748139801341)
28.64892335389883,77.19934069606093,2024-09-12 14:18:01.322434,11.65615369019298,POINT (77.19934069606093 28.64892335389883)
28.699776883889847,77.25665711123226,2024-09-12 14:18:01.334179,44.77653425452873,POINT (77.25665711123226 28.699776883889847)
28.61806978007121,77.01194052464605,2024-09-12 14:18:01.346003,45.24764224716523,POINT (77.01194052464605 28.61806978007121)
28.56420430921374,77.06587027588672,2024-09-12 14:18:01.357718,11.721681802723612,POINT (77.06587027588672 28.56420430921374)
28.63349507311698,77.29090894689988,2024-09-12 14:18:01.369453,21.36585646859554,POINT (77.29090894689988 28.63349507311698)
28.743425508024167,77.08259441605587,2024-09-12 14:18:01.381085,31.801936601945883,POINT (77.08259441605587 28.743425508024167)
28.552576275631612,76.86717399083598,2024-09-12 14:18:01.392706,37.68252486002201,POINT (76.86717399083598 28.552576275631612)
28.71078741237054,77.10652306856598,2024-09-12 14:18:01.404439,37.009475459836935,POINT (77.10652306856598 28.71078741237054)
28.65954668017792,77.30769557251546,2024-09-12 14:18:01.415955,42.981032895121,POINT (77.30769557251546 28.65954668017792)
28.525222372096508,77.23994245109505,2024-09-12 14:18:01.427501,24.984866171942397,POINT (77.23994245109505 28.525222372096508)
28.577251964232918,77.19188092384081,2024-09-12 14:18:01.439214,13.167195878282941,POINT (77.19188092384081 28.577251964232918)
28.668408850342484,77.08312841293673,2024-09-12 14:18:01.450722,44.018650000477415,POINT (77.08312841293673 28.668408850342484)
28.496356688268573,77.29664745718371,2024-09-12 14:18:01.462326,35.816676406379536,POINT (77.29664745718371 28.496356688268573)
28.689115926215507,77.03783244222491,2024-09-12 14:18:01.473904,54.90613295498581,POINT (77.03783244222491 28.689115926215507)
28.615553962108837,77.29049176894883,2024-09-12 14:18:01.485464,24.882788200265995,POINT (77.29049176894883 28.615553962108837)
28.64060482659213,77.12307610233735,2024-09-12 14:18:01.497225,36.12652305881802,POINT (77.12307610233735 28.64060482659213)
28.722669975175204,77.16478032985489,2024-09-12 14:18:01.508915,23.056824767269326,POINT (77.16478032985489 28.722669975175204)
28.735618559379013,77.18564286850989,2024-09-12 14:18:01.520729,29.27577418441806,POINT (77.18564286850989 28.735618559379013)
28.44099032107704,77.20057837376002,2024-09-12 14:18:01.532326,40.76998673709858,POINT (77.20057837376002 28.44099032107704)
28.72017955773082,77.11539351755235,2024-09-12 14:18:01.544300,38.84246369993644,POINT (77.11539351755235 28.72017955773082)
28.72550182804654,77.05787791979421,2024-09-12 14:18:01.556198,39.81308903746009,POINT (77.05787791979421 28.72550182804654)
28.86390284188232,77.09862209320697,2024-09-12 14:18:01.568100,20.752030005044404,POINT (77.09862209320697 28.86390284188232)
28.63445397858075,77.09150671087815,2024-09-12 14:18:01.579758,45.54450455894029,POINT (77.09150671087815 28.63445397858075)
28.600951413707172,77.00725564865596,2024-09-12 14:18:01.591384,17.117829752989145,POINT (77.00725564865596 28.600951413707172)
28.712676602310992,77.1783150449912,2024-09-12 14:18:01.603152,29.444608728769474,POINT (77.1783150449912 28.712676602310992)
28.494843573425893,77.24602497602757,2024-09-12 14:18:01.614833,35.357721879913754,POINT (77.24602497602757 28.494843573425893)
28.732486178287736,77.17660627732621,2024-09-12 14:18:01.626498,59.79080615056854,POINT (77.17660627732621 28.732486178287736)
28.64776206385285,77.05345693497927,2024-09-12 14:18:01.638010,51.357337909792825,POINT (77.05345693497927 28.64776206385285)
28.557958753557678,77.00638437442691,2024-09-12 14:18:01.649505,27.823299200911368,POINT (77.00638437442691 28.557958753557678)
28.641846721374296,77.10314795478082,2024-09-12 14:18:01.661068,40.34054804783531,POINT (77.10314795478082 28.641846721374296)
28.657751059589657,77.2933508091904,2024-09-12 14:18:01.672813,24.437892862153397,POINT (77.2933508091904 28.657751059589657)
28.66924124999826,77.18045595931162,2024-09-12 14:18:01.684723,29.338892103678866,POINT (77.18045595931162 28.66924124999826)
28.728374027634548,77.15598593558069,2024-09-12 14:18:01.696449,50.627173687103166,POINT (77.15598593558069 28.728374027634548)
28.85482308646113,77.1355611115511,2024-09-12 14:18:01.707974,53.01174914821007,POINT (77.1355611115511 28.85482308646113)
28.68566733949636,77.31237763154209,2024-09-12 14:18:01.719569,55.884677454177734,POINT (77.31237763154209 28.68566733949636)
28.74041232348251,77.16219185755249,2024-09-12 14:18:01.731101,16.258100395488412,POINT (77.16219185755249 28.74041232348251)
28.597995816416162,77.20487917631016,2024-09-12 14:18:01.742824,26.438077926919764,POINT (77.20487917631016 28.597995816416162)
28.49774168778399,77.20354091546953,2024-09-12 14:18:01.754739,13.833304989995712,POINT (77.20354091546953 28.49774168778399)
28.694113588107815,77.00400750857094,2024-09-12 14:18:01.766757,28.408173751971212,POINT (77.00400750857094 28.694113588107815)
28.511786310143346,77.2701704180148,2024-09-12 14:18:01.779438,54.40931860852342,POINT (77.2701704180148 28.511786310143346)
28.610453715304146,77.28770599060906,2024-09-12 14:18:01.791173,49.13437771908761,POINT (77.28770599060906 28.610453715304146)
28.572396205477524,76.93270249284782,2024-09-12 14:18:01.802692,51.57588805704866,POINT (76.93270249284782 28.572396205477524)
28.72699687313113,77.06091902364977,2024-09-12 14:18:01.814394,23.291861799838767,POINT (77.06091902364977 28.72699687313113)
28.534953669447077,77.30516096220686,2024-09-12 14:18:01.825972,46.41351977778242,POINT (77.30516096220686 28.534953669447077)
28.6540996034904,76.9659072184622,2024-09-12 14:18:01.840288,37.659080893702566,POINT (76.9659072184622 28.6540996034904)
28.71536622626914,77.08147869185375,2024-09-12 14:18:01.852369,54.95861709840174,POINT (77.08147869185375 28.71536622626914)
28.60992954305829,77.09629675060226,2024-09-12 14:18:01.864166,43.26664282534637,POINT (77.09629675060226 28.60992954305829)
28.609777004892106,77.30988776675439,2024-09-12 14:18:01.875848,21.528364696757915,POINT (77.30988776675439 28.609777004892106)
28.646341968663293,77.09947861510373,2024-09-12 14:18:01.887693,23.332345785944852,POINT (77.09947861510373 28.646341968663293)
28.617583464816953,77.05553242818067,2024-09-12 14:18:01.899241,10.914093950612783,POINT (77.05553242818067 28.617583464816953)
28.55949254058788,77.22935208013934,2024-09-12 14:18:01.910847,38.35920284870253,POINT (77.22935208013934 28.55949254058788)
28.512573718024257,77.33911435966884,2024-09-12 14:18:01.922593,11.16400316079231,POINT (77.33911435966884 28.512573718024257)
28.591623548629986,77.047217410726,2024-09-12 14:18:01.934514,34.8586553695587,POINT (77.047217410726 28.591623548629986)
28.62391781557541,77.22256881034079,2024-09-12 14:18:01.946133,43.35216138421626,POINT (77.22256881034079 28.62391781557541)
28.571936847518668,77.14765959547891,2024-09-12 14:18:01.958394,41.30609897135015,POINT (77.14765959547891 28.571936847518668)
28.701477292898556,77.02992966099526,2024-09-12 14:18:01.970756,46.447633285956556,POINT (77.02992966099526 28.701477292898556)
28.66699960934021,77.29531444547524,2024-09-12 14:18:01.982753,43.55043871558443,POINT (77.29531444547524 28.66699960934021)
28.575716847567566,76.84418909484766,2024-09-12 14:18:01.995425,56.00865294771158,POINT (76.84418909484766 28.575716847567566)
28.660213001077437,76.99347624709183,2024-09-12 14:18:02.007682,53.635093381019594,POINT (76.99347624709183 28.660213001077437)
28.66343708009847,77.06421936121495,2024-09-12 14:18:02.019673,54.76376712234395,POINT (77.06421936121495 28.66343708009847)
28.674339412575723,77.08399660293856,2024-09-12 14:18:02.031486,52.513217786071905,POINT (77.08399660293856 28.674339412575723)
28.54879648279349,77.26847255366285,2024-09-12 14:18:02.043326,21.55357195747289,POINT (77.26847255366285 28.54879648279349)
28.503669214015837,77.33469326673111,2024-09-12 14:18:02.055115,31.01688942640739,POINT (77.33469326673111 28.503669214015837)
28.58396977800817,77.07780785712785,2024-09-12 14:18:02.066763,26.5756205181007,POINT (77.07780785712785 28.58396977800817)
28.666078981170116,77.31846182500367,2024-09-12 14:18:02.078424,59.007854181299685,POINT (77.31846182500367 28.666078981170116)
28.63524935643571,77.0711120869789,2024-09-12 14:18:02.090062,48.341036325262124,POINT (77.0711120869789 28.63524935643571)
28.64390479823221,77.08730969390865,2024-09-12 14:18:02.101671,15.705674405934102,POINT (77.08730969390865 28.64390479823221)
28.586304586541242,77.14592656594792,2024-09-12 14:18:02.113176,13.658687369861907,POINT (77.14592656594792 28.586304586541242)
28.53952655294024,77.239623951365,2024-09-12 14:18:02.124844,29.684942602834294,POINT (77.239623951365 28.53952655294024)
28.610852019841786,77.33716768116642,2024-09-12 14:18:02.136830,45.697635768089945,POINT (77.33716768116642 28.610852019841786)
28.615746260764386,77.07316358716086,2024-09-12 14:18:02.148608,41.67852484581306,POINT (77.07316358716086 28.615746260764386)
28.725918672347742,77.17412148126435,2024-09-12 14:18:02.160323,27.157585343808947,POINT (77.17412148126435 28.725918672347742)
28.826814911773866,77.17423514623873,2024-09-12 14:18:02.172196,25.222444338498008,POINT (77.17423514623873 28.826814911773866)
28.673799180436635,77.05975186797474,2024-09-12 14:18:02.183886,54.18526798285211,POINT (77.05975186797474 28.673799180436635)
28.629163678184078,77.09028323587658,2024-09-12 14:18:02.195692,39.57116764270263,POINT (77.09028323587658 28.629163678184078)
28.67426681686175,77.08142822240046,2024-09-12 14:18:02.207529,34.81776026730866,POINT (77.08142822240046 28.67426681686175)
28.689969234085055,77.05102243580473,2024-09-12 14:18:02.219282,12.13902391743579,POINT (77.05102243580473 28.689969234085055)
28.694995186934154,77.13663488019546,2024-09-12 14:18:02.230901,26.67025763194937,POINT (77.13663488019546 28.694995186934154)
28.6970932012689,77.22560955915314,2024-09-12 14:18:02.242448,26.117020309073084,POINT (77.22560955915314 28.6970932012689)
28.524271863638557,77.18611374719127,2024-09-12 14:18:02.254277,54.17075356732771,POINT (77.18611374719127 28.524271863638557)
28.59377851844432,77.21224492749947,2024-09-12 14:18:02.265905,15.787894691024604,POINT (77.21224492749947 28.59377851844432)
28.511691971119234,77.23547010816415,2024-09-12 14:18:02.277541,28.183796321568696,POINT (77.23547010816415 28.511691971119234)
28.636379088863638,77.18546370367343,2024-09-12 14:18:02.289331,27.12309641734316,POINT (77.18546370367343 28.636379088863638)
28.54935869199371,77.24157353678208,2024-09-12 14:18:02.301305,18.36218014314757,POINT (77.24157353678208 28.54935869199371)
28.669033944943845,77.10785655115387,2024-09-12 14:18:02.313017,56.51852432439739,POINT (77.10785655115387 28.669033944943845)
28.822339211313135,77.0580525429522,2024-09-12 14:18:02.324663,42.56406809102902,POINT (77.0580525429522 28.822339211313135)
28.677700255795617,77.1057638034998,2024-09-12 14:18:02.336553,53.34588077371569,POINT (77.1057638034998 28.677700255795617)
28.627917197976977,76.96048221995768,2024-09-12 14:18:02.348207,59.67914781089463,POINT (76.96048221995768 28.627917197976977)
28.856669041853213,77.0987412259649,2024-09-12 14:18:02.359905,49.55211890067963,POINT (77.0987412259649 28.856669041853213)
28.51332840323474,77.23012330788973,2024-09-12 14:18:02.371551,59.62221757316345,POINT (77.23012330788973 28.51332840323474)
28.546467172615554,77.27446996336298,2024-09-12 14:18:02.383090,25.467905180671572,POINT (77.27446996336298 28.546467172615554)
28.625000443381012,77.0330888174211,2024-09-12 14:18:02.394720,56.193123117024996,POINT (77.0330888174211 28.625000443381012)
28.71166716545259,77.22948919761903,2024-09-12 14:18:02.406464,37.0047939822701,POINT (77.22948919761903 28.71166716545259)
